start of select 71 start of select 8 start of select 2 start of select 1 start of select 3 start of select 1 start of select 1 start of select 3 start of select 1 start of select 1 start of select 1 start of select 25 start of select 4 start of select 1 start of select 1 start of select 2 start of select 1 start of select 1 start of select 1 start of select 25 start of select 2 start of select 1 start of select 1 start of select 1 start of select 13 start of select 1 start of select 1 start of select 7 start of select 1 start of select 1 start of select 3 start of select 1 start of select 1 start of select 1 1078;1540
start of select 71 start of select 8 start of select 2 start of select 1 start of select 17 start of select 4 start of select 1 start of select 3 start of select 1 start of select 2 start of select 1 start of select 1 start of select 1 start of select 17 start of select 2 start of select 1 start of select 1 start of select 1 start of select 7 start of select 1 start of select 1 start of select 4 start of select 1 start of select 1 start of select 4 start of select 1 start of select 3 start of select 1 start of select 2 start of select 1 start of select 1 1037;1444
start of select 71 start of select 8 start of select 2 start of select 1 start of select 2 start of select 1 start of select 1 start of select 2 start of select 1 start of select 21 start of select 4 start of select 1 start of select 1 start of select 3 start of select 1 start of select 2 start of select 1 start of select 1 start of select 1 start of select 21 start of select 2 start of select 1 start of select 1 start of select 1 start of select 9 start of select 1 start of select 1 start of select 3 start of select 1 start of select 2 start of select 1 start of select 2 start of select 1 start of select 1 1288;1777
start of select 71 start of select 8 start of select 2 start of select 1 start of select 2 start of select 1 start of select 1 start of select 2 start of select 1 start of select 22 start of select 4 start of select 1 start of select 1 start of select 3 start of select 1 start of select 2 start of select 1 start of select 1 start of select 1 start of select 22 start of select 2 start of select 1 start of select 1 start of select 1 start of select 9 start of select 1 start of select 1 start of select 3 start of select 1 1278;1779
start of select 71 start of select 8 start of select 2 start of select 1 start of select 3 start of select 1 start of select 1 start of select 3 start of select 1 start of select 1 start of select 1 start of select 23 start of select 4 start of select 1 start of select 1 start of select 3 start of select 1 start of select 2 start of select 1 start of select 1 start of select 1 start of select 23 start of select 2 start of select 1 start of select 1 start of select 1 start of select 11 start of select 1 start of select 1 start of select 5 start of select 1 start of select 2 start of select 1 1118;1650
start of select 71 start of select 8 start of select 2 start of select 1 start of select 3 start of select 1 start of select 1 start of select 3 start of select 1 start of select 1 start of select 1 start of select 23 start of select 4 start of select 1 start of select 1 start of select 3 start of select 1 start of select 2 start of select 1 start of select 1 start of select 1 start of select 23 start of select 2 start of select 1 start of select 1 start of select 1 start of select 10 start of select 1 start of select 1 start of select 4 start of select 1 start of select 1 start of select 1 1202;1776
start of select 71 start of select 8 start of select 2 start of select 1 start of select 25 start of select 4 start of select 1 start of select 1 start of select 2 start of select 1 start of select 1 start of select 1 start of select 25 start of select 2 start of select 1 start of select 1 start of select 1 start of select 11 start of select 1 start of select 1 start of select 4 start of select 1 start of select 1 start of select 1 1173;1652
start of select 71 start of select 8 start of select 2 start of select 1 start of select 2 start of select 1 start of select 1 start of select 2 start of select 1 start of select 18 start of select 4 start of select 1 start of select 3 start of select 1 start of select 2 start of select 1 start of select 1 start of select 1 start of select 18 start of select 2 start of select 1 start of select 1 start of select 1 start of select 6 start of select 1 start of select 1 1062;1503
start of select 71 start of select 8 start of select 2 start of select 1 start of select 18 start of select 4 start of select 1 start of select 3 start of select 1 start of select 2 start of select 1 start of select 1 start of select 1 start of select 18 start of select 2 start of select 1 start of select 1 start of select 1 start of select 6 start of select 1 start of select 1 982;1392
start of select 71 start of select 8 start of select 2 start of select 1 start of select 1 start of select 1 start of select 1 start of select 1 start of select 1 start of select 1 start of select 1 start of select 1 start of select 21 start of select 4 start of select 1 start of select 1 start of select 3 start of select 1 start of select 2 start of select 1 start of select 1 start of select 1 start of select 21 start of select 2 start of select 1 start of select 1 start of select 1 start of select 9 start of select 1 start of select 1 start of select 3 start of select 1 1157;1643
start of select 71 start of select 8 start of select 2 start of select 1 start of select 16 start of select 4 start of select 1 start of select 3 start of select 1 start of select 2 start of select 1 start of select 1 start of select 1 start of select 16 start of select 2 start of select 1 start of select 1 start of select 1 start of select 6 start of select 1 start of select 1 925;1379
start of select 71 start of select 8 start of select 2 start of select 1 start of select 15 start of select 4 start of select 1 start of select 3 start of select 1 start of select 2 start of select 1 start of select 1 start of select 1 start of select 15 start of select 2 start of select 1 start of select 1 start of select 1 start of select 4 start of select 1 start of select 1 start of select 4 start of select 1 start of select 2 start of select 1 start of select 1 907;1335
start of select 71 start of select 8 start of select 2 start of select 1 start of select 19 start of select 4 start of select 1 start of select 3 start of select 1 start of select 2 start of select 1 start of select 1 start of select 1 start of select 19 start of select 2 start of select 1 start of select 1 start of select 1 start of select 7 start of select 1 start of select 1 start of select 1 start of select 1 start of select 1 start of select 1 1003;1494
start of select 71 start of select 8 start of select 2 start of select 1 start of select 31 start of select 5 start of select 1 start of select 1 start of select 3 start of select 1 start of select 2 start of select 1 start of select 1 start of select 1 start of select 2 start of select 3 start of select 1 start of select 2 start of select 1 start of select 1 start of select 1 start of select 2 start of select 2 start of select 1 start of select 1 start of select 1 start of select 2 start of select 1 start of select 2 start of select 1 1310;1857
start of select 71 start of select 8 start of select 2 start of select 1 start of select 2 start of select 1 start of select 1 start of select 2 start of select 1 start of select 26 start of select 4 start of select 1 start of select 1 start of select 3 start of select 1 start of select 2 start of select 1 start of select 1 start of select 1 start of select 26 start of select 2 start of select 1 start of select 1 start of select 1 start of select 13 start of select 1 start of select 1 start of select 6 start of select 1 start of select 3 start of select 1 start of select 1 1255;1701
start of select 71 start of select 8 start of select 2 start of select 1 start of select 2 start of select 1 start of select 1 start of select 2 start of select 1 start of select 22 start of select 4 start of select 1 start of select 1 start of select 3 start of select 1 start of select 2 start of select 1 start of select 1 start of select 1 start of select 22 start of select 2 start of select 1 start of select 1 start of select 1 start of select 9 start of select 1 start of select 1 start of select 3 start of select 1 1056;1625
start of select 71 start of select 8 start of select 2 start of select 1 start of select 8 start of select 1 start of select 1 start of select 4 start of select 1 start of select 2 start of select 1 start of select 1 start of select 18 start of select 4 start of select 1 start of select 3 start of select 1 start of select 2 start of select 1 start of select 1 start of select 1 start of select 18 start of select 2 start of select 1 start of select 1 start of select 1 start of select 6 start of select 1 start of select 1 start of select 1 start of select 1 start of select 1 start of select 1 1057;1480
start of select 71 start of select 8 start of select 2 start of select 1 start of select 2 start of select 1 start of select 1 start of select 2 start of select 1 start of select 22 start of select 4 start of select 1 start of select 1 start of select 3 start of select 1 start of select 2 start of select 1 start of select 1 start of select 1 start of select 22 start of select 2 start of select 1 start of select 1 start of select 1 start of select 9 start of select 1 start of select 1 start of select 3 start of select 1 1128;1623
start of select 71 start of select 8 start of select 2 start of select 1 start of select 1 start of select 1 start of select 1 start of select 1 start of select 1 start of select 1 start of select 23 start of select 4 start of select 1 start of select 1 start of select 3 start of select 1 start of select 2 start of select 1 start of select 1 start of select 1 start of select 23 start of select 2 start of select 1 start of select 1 start of select 1 start of select 10 start of select 1 start of select 1 start of select 4 start of select 1 start of select 1 start of select 1 start of select 1 1108;1679
start of select 71 start of select 8 start of select 2 start of select 1 start of select 2 start of select 1 start of select 1 start of select 2 start of select 1 start of select 21 start of select 4 start of select 1 start of select 1 start of select 3 start of select 1 start of select 2 start of select 1 start of select 1 start of select 1 start of select 21 start of select 2 start of select 1 start of select 1 start of select 1 start of select 10 start of select 1 start of select 1 start of select 3 start of select 1 1041;1546
start of select 71 start of select 8 start of select 2 start of select 1 start of select 27 start of select 4 start of select 1 start of select 1 start of select 3 start of select 1 start of select 2 start of select 1 start of select 1 start of select 1 962;1276
start of select 71 start of select 8 start of select 2 start of select 1 start of select 3 start of select 1 start of select 1 start of select 3 start of select 1 start of select 1 start of select 1 start of select 21 start of select 4 start of select 1 start of select 1 start of select 3 start of select 1 start of select 2 start of select 1 start of select 1 start of select 1 start of select 21 start of select 2 start of select 1 start of select 1 start of select 1 start of select 10 start of select 1 start of select 1 start of select 5 start of select 1 start of select 3 start of select 1 start of select 1 start of select 1 1075;1602
start of select 71 start of select 8 start of select 2 start of select 1 start of select 19 start of select 4 start of select 1 start of select 3 start of select 1 start of select 2 start of select 1 start of select 1 start of select 1 start of select 19 start of select 2 start of select 1 start of select 1 start of select 1 start of select 7 start of select 1 start of select 1 start of select 1 start of select 1 start of select 1 start of select 1 1020;1505
start of select 71 start of select 8 start of select 2 start of select 1 start of select 1 start of select 1 start of select 1 start of select 1 start of select 1 start of select 1 start of select 21 start of select 4 start of select 1 start of select 1 start of select 3 start of select 1 start of select 2 start of select 1 start of select 1 start of select 1 start of select 21 start of select 2 start of select 1 start of select 1 start of select 1 start of select 9 start of select 1 start of select 1 start of select 3 start of select 1 1142;1639
start of select 71 start of select 8 start of select 2 start of select 1 start of select 1 start of select 1 start of select 1 start of select 1 start of select 1 start of select 1 start of select 21 start of select 4 start of select 1 start of select 1 start of select 3 start of select 1 start of select 2 start of select 1 start of select 1 start of select 1 start of select 21 start of select 2 start of select 1 start of select 1 start of select 1 start of select 11 start of select 1 start of select 1 start of select 4 start of select 1 1157;1627
start of select 71 start of select 8 start of select 2 start of select 1 start of select 2 start of select 1 start of select 1 start of select 2 start of select 1 start of select 20 start of select 4 start of select 1 start of select 3 start of select 1 start of select 2 start of select 1 start of select 1 start of select 1 start of select 20 start of select 2 start of select 1 start of select 1 start of select 1 start of select 8 start of select 1 start of select 1 start of select 2 start of select 1 start of select 2 start of select 1 start of select 1 1155;1640
start of select 71 start of select 8 start of select 2 start of select 1 start of select 8 start of select 1 start of select 1 start of select 3 start of select 1 start of select 19 start of select 4 start of select 1 start of select 3 start of select 1 start of select 2 start of select 1 start of select 1 start of select 1 start of select 19 start of select 2 start of select 1 start of select 1 start of select 1 start of select 7 start of select 1 start of select 1 start of select 1 start of select 1 start of select 1 start of select 1 1036;1479
start of select 71 start of select 8 start of select 2 start of select 1 start of select 2 start of select 1 start of select 1 start of select 2 start of select 1 start of select 20 start of select 4 start of select 1 start of select 3 start of select 1 start of select 2 start of select 1 start of select 1 start of select 1 start of select 20 start of select 2 start of select 1 start of select 1 start of select 1 start of select 8 start of select 1 start of select 1 start of select 3 start of select 1 904;1407
start of select 71 start of select 8 start of select 2 start of select 1 start of select 1 start of select 1 start of select 1 start of select 1 start of select 1 start of select 1 start of select 25 start of select 4 start of select 1 start of select 1 start of select 3 start of select 1 start of select 2 start of select 1 start of select 1 start of select 1 1075;1464
start of select 71 start of select 8 start of select 2 start of select 1 start of select 2 start of select 1 start of select 1 start of select 2 start of select 1 start of select 26 start of select 4 start of select 1 start of select 1 start of select 3 start of select 1 start of select 2 start of select 1 start of select 1 start of select 1 start of select 26 start of select 2 start of select 1 start of select 1 start of select 1 start of select 13 start of select 1 start of select 1 start of select 6 start of select 1 start of select 4 start of select 1 start of select 2 start of select 1 start of select 1 1117;1607
start of select 71 start of select 8 start of select 2 start of select 1 start of select 1 start of select 1 start of select 1 start of select 1 start of select 1 start of select 1 start of select 26 start of select 4 start of select 1 start of select 1 start of select 3 start of select 1 start of select 2 start of select 1 start of select 1 start of select 1 1007;1354
start of select 71 start of select 8 start of select 2 start of select 1 start of select 21 start of select 4 start of select 1 start of select 1 start of select 3 start of select 1 start of select 2 start of select 1 start of select 1 start of select 1 start of select 21 start of select 2 start of select 1 start of select 1 start of select 1 start of select 9 start of select 1 start of select 1 start of select 3 start of select 1 1057;1600
start of select 71 start of select 8 start of select 2 start of select 1 start of select 1 start of select 1 start of select 1 start of select 1 start of select 1 start of select 1 start of select 20 start of select 4 start of select 1 start of select 3 start of select 1 start of select 2 start of select 1 start of select 1 start of select 1 start of select 20 start of select 2 start of select 1 start of select 1 start of select 1 start of select 8 start of select 1 start of select 1 start of select 2 start of select 1 1099;1515
start of select 71 start of select 8 start of select 2 start of select 1 start of select 1 start of select 1 start of select 1 start of select 1 start of select 1 start of select 1 start of select 21 start of select 4 start of select 1 start of select 1 start of select 3 start of select 1 start of select 2 start of select 1 start of select 1 start of select 1 start of select 21 start of select 2 start of select 1 start of select 1 start of select 1 start of select 9 start of select 1 start of select 1 start of select 3 start of select 1 1056;1589
start of select 71 start of select 8 start of select 2 start of select 1 start of select 25 start of select 4 start of select 1 start of select 1 start of select 3 start of select 1 start of select 2 start of select 1 start of select 1 start of select 1 951;1325
start of select 71 start of select 8 start of select 2 start of select 1 start of select 1 start of select 1 start of select 1 start of select 1 start of select 1 start of select 1 start of select 23 start of select 4 start of select 1 start of select 1 start of select 3 start of select 1 start of select 2 start of select 1 start of select 1 start of select 1 start of select 23 start of select 2 start of select 1 start of select 1 start of select 1 start of select 10 start of select 1 start of select 1 start of select 4 start of select 1 start of select 1 start of select 1 1241;1791
start of select 71 start of select 8 start of select 2 start of select 1 start of select 1 start of select 1 start of select 1 start of select 1 start of select 1 start of select 1 start of select 18 start of select 4 start of select 1 start of select 3 start of select 1 start of select 2 start of select 1 start of select 1 start of select 1 start of select 18 start of select 2 start of select 1 start of select 1 start of select 1 start of select 6 start of select 1 start of select 1 start of select 1 start of select 1 start of select 1 start of select 1 1134;1531
start of select 71 start of select 8 start of select 2 start of select 1 start of select 1 start of select 1 start of select 1 start of select 1 start of select 1 start of select 1 start of select 29 start of select 5 start of select 1 start of select 1 start of select 3 start of select 1 start of select 2 start of select 1 start of select 1 start of select 1 start of select 29 start of select 3 start of select 1 start of select 2 start of select 1 start of select 1 start of select 1 start of select 14 start of select 2 start of select 1 start of select 1 start of select 1 start of select 6 start of select 1 start of select 4 start of select 1 start of select 1 start of select 1 1077;1606
start of select 71 start of select 8 start of select 2 start of select 1 start of select 3 start of select 1 start of select 1 start of select 3 start of select 1 start of select 1 start of select 1 start of select 26 start of select 4 start of select 1 start of select 1 start of select 2 start of select 1 start of select 1 start of select 1 start of select 26 start of select 3 start of select 1 start of select 2 start of select 1 start of select 1 start of select 1 start of select 11 start of select 1 start of select 1 start of select 4 start of select 1 1292;1785
start of select 71 start of select 8 start of select 2 start of select 1 start of select 26 start of select 4 start of select 1 start of select 1 start of select 3 start of select 1 start of select 2 start of select 1 start of select 1 start of select 1 start of select 26 start of select 2 start of select 1 start of select 1 start of select 1 start of select 14 start of select 1 start of select 1 start of select 7 start of select 1 start of select 3 start of select 1 start of select 1 1191;1611
start of select 71 start of select 8 start of select 2 start of select 1 start of select 2 start of select 1 start of select 1 start of select 2 start of select 1 start of select 20 start of select 4 start of select 1 start of select 3 start of select 1 start of select 2 start of select 1 start of select 1 start of select 1 start of select 20 start of select 2 start of select 1 start of select 1 start of select 1 start of select 8 start of select 1 start of select 1 start of select 2 start of select 1 start of select 2 start of select 1 start of select 1 1165;1598
start of select 71 start of select 8 start of select 2 start of select 1 start of select 20 start of select 4 start of select 1 start of select 3 start of select 1 start of select 2 start of select 1 start of select 1 start of select 1 start of select 20 start of select 2 start of select 1 start of select 1 start of select 1 start of select 8 start of select 1 start of select 1 start of select 2 start of select 1 start of select 2 start of select 1 start of select 1 1083;1520
start of select 71 start of select 8 start of select 2 start of select 1 start of select 1 start of select 1 start of select 1 start of select 1 start of select 1 start of select 1 start of select 21 start of select 4 start of select 1 start of select 1 start of select 3 start of select 1 start of select 2 start of select 1 start of select 1 start of select 1 start of select 21 start of select 2 start of select 1 start of select 1 start of select 1 start of select 9 start of select 1 start of select 1 start of select 3 start of select 1 1258;1726
start of select 71 start of select 8 start of select 2 start of select 1 start of select 2 start of select 1 start of select 1 start of select 2 start of select 1 start of select 26 start of select 4 start of select 1 start of select 1 start of select 2 start of select 1 start of select 1 start of select 1 start of select 26 start of select 2 start of select 1 start of select 1 start of select 1 start of select 12 start of select 1 start of select 1 start of select 5 start of select 1 start of select 2 start of select 1 1007;1486
start of select 71 start of select 8 start of select 2 start of select 1 start of select 26 start of select 4 start of select 1 start of select 1 start of select 2 start of select 1 start of select 1 start of select 1 start of select 26 start of select 2 start of select 1 start of select 1 start of select 1 start of select 12 start of select 1 start of select 1 start of select 7 start of select 1 start of select 1 start of select 4 start of select 1 start of select 1 start of select 1 1089;1593
start of select 71 start of select 8 start of select 2 start of select 1 start of select 2 start of select 1 start of select 1 start of select 2 start of select 1 start of select 21 start of select 4 start of select 1 start of select 1 start of select 3 start of select 1 start of select 2 start of select 1 start of select 1 start of select 1 start of select 21 start of select 2 start of select 1 start of select 1 start of select 1 start of select 10 start of select 1 start of select 1 start of select 3 start of select 1 start of select 1 start of select 1 start of select 1 1046;1610
start of select 71 start of select 8 start of select 2 start of select 1 start of select 22 start of select 4 start of select 1 start of select 1 start of select 3 start of select 1 start of select 2 start of select 1 start of select 1 start of select 1 start of select 22 start of select 2 start of select 1 start of select 1 start of select 1 start of select 9 start of select 1 start of select 1 start of select 3 start of select 1 968;1534
start of select 71 start of select 8 start of select 2 start of select 1 start of select 23 start of select 4 start of select 1 start of select 1 start of select 3 start of select 1 start of select 2 start of select 1 start of select 1 start of select 1 start of select 23 start of select 2 start of select 1 start of select 1 start of select 1 start of select 11 start of select 1 start of select 1 start of select 4 start of select 1 start of select 1 start of select 1 start of select 1 1089;1661
start of select 71 start of select 8 start of select 2 start of select 1 start of select 23 start of select 4 start of select 1 start of select 1 start of select 3 start of select 1 start of select 2 start of select 1 start of select 1 start of select 1 start of select 23 start of select 2 start of select 1 start of select 1 start of select 1 start of select 10 start of select 1 start of select 1 start of select 4 start of select 1 start of select 1 start of select 1 start of select 1 1263;1796
start of select 71 start of select 8 start of select 2 start of select 1 start of select 2 start of select 1 start of select 1 start of select 2 start of select 1 start of select 23 start of select 4 start of select 1 start of select 1 start of select 3 start of select 1 start of select 2 start of select 1 start of select 1 start of select 1 start of select 23 start of select 2 start of select 1 start of select 1 start of select 1 start of select 11 start of select 1 start of select 1 start of select 4 start of select 1 start of select 1 start of select 1 1292;1818
start of select 71 start of select 8 start of select 2 start of select 1 start of select 8 start of select 1 start of select 1 start of select 5 start of select 1 start of select 2 start of select 1 start of select 1 start of select 24 start of select 4 start of select 1 start of select 1 start of select 3 start of select 1 start of select 2 start of select 1 start of select 1 start of select 1 start of select 24 start of select 2 start of select 1 start of select 1 start of select 1 start of select 11 start of select 1 start of select 1 start of select 4 start of select 1 start of select 1 start of select 1 start of select 1 1226;1755
start of select 71 start of select 8 start of select 2 start of select 1 start of select 1 start of select 1 start of select 1 start of select 1 start of select 1 start of select 1 start of select 19 start of select 4 start of select 1 start of select 3 start of select 1 start of select 2 start of select 1 start of select 1 start of select 1 start of select 19 start of select 2 start of select 1 start of select 1 start of select 1 start of select 7 start of select 1 start of select 1 start of select 1 start of select 1 start of select 1 start of select 1 1057;1551
start of select 71 start of select 8 start of select 2 start of select 1 start of select 18 start of select 4 start of select 1 start of select 3 start of select 1 start of select 2 start of select 1 start of select 1 start of select 1 start of select 18 start of select 2 start of select 1 start of select 1 start of select 1 start of select 7 start of select 1 start of select 1 start of select 2 start of select 1 start of select 2 start of select 1 927;1414
start of select 71 start of select 8 start of select 2 start of select 1 start of select 2 start of select 1 start of select 1 start of select 2 start of select 1 start of select 1 start of select 1 start of select 1 start of select 23 start of select 4 start of select 1 start of select 1 start of select 3 start of select 1 start of select 2 start of select 1 start of select 1 start of select 1 start of select 23 start of select 2 start of select 1 start of select 1 start of select 1 start of select 10 start of select 1 start of select 1 start of select 4 start of select 1 start of select 2 start of select 1 1111;1671
start of select 71 start of select 8 start of select 2 start of select 1 start of select 22 start of select 4 start of select 1 start of select 1 start of select 3 start of select 1 start of select 2 start of select 1 start of select 1 start of select 1 start of select 22 start of select 2 start of select 1 start of select 1 start of select 1 start of select 10 start of select 1 start of select 1 start of select 3 start of select 1 1243;1810
start of select 71 start of select 8 start of select 2 start of select 1 start of select 20 start of select 4 start of select 1 start of select 3 start of select 1 start of select 2 start of select 1 start of select 1 start of select 1 start of select 20 start of select 2 start of select 1 start of select 1 start of select 1 start of select 9 start of select 1 start of select 1 start of select 5 start of select 1 start of select 1 1010;1514
start of select 71 start of select 8 start of select 2 start of select 1 start of select 21 start of select 4 start of select 1 start of select 1 start of select 3 start of select 1 start of select 2 start of select 1 start of select 1 start of select 1 start of select 21 start of select 2 start of select 1 start of select 1 start of select 1 start of select 10 start of select 1 start of select 1 start of select 4 start of select 1 start of select 1 start of select 1 start of select 1 1067;1624
start of select 71 start of select 8 start of select 2 start of select 1 start of select 19 start of select 4 start of select 1 start of select 3 start of select 1 start of select 2 start of select 1 start of select 1 start of select 1 start of select 19 start of select 2 start of select 1 start of select 1 start of select 1 start of select 8 start of select 1 start of select 1 start of select 2 start of select 1 start of select 2 start of select 1 start of select 1 1026;1472
start of select 71 start of select 8 start of select 2 start of select 1 start of select 20 start of select 4 start of select 1 start of select 3 start of select 1 start of select 2 start of select 1 start of select 1 start of select 1 start of select 20 start of select 2 start of select 1 start of select 1 start of select 1 start of select 8 start of select 1 start of select 1 start of select 3 start of select 1 start of select 3 start of select 1 start of select 2 start of select 1 start of select 1 996;1471
start of select 71 start of select 8 start of select 2 start of select 1 start of select 25 start of select 4 start of select 1 start of select 1 start of select 2 start of select 1 start of select 1 start of select 1 start of select 25 start of select 2 start of select 1 start of select 1 start of select 1 start of select 12 start of select 1 start of select 1 start of select 5 start of select 1 start of select 2 start of select 1 1132;1531
start of select 71 start of select 8 start of select 2 start of select 1 start of select 29 start of select 5 start of select 1 start of select 1 start of select 3 start of select 1 start of select 2 start of select 1 start of select 1 start of select 1 start of select 29 start of select 3 start of select 1 start of select 2 start of select 1 start of select 1 start of select 1 start of select 14 start of select 1 start of select 1 start of select 7 start of select 1 start of select 3 start of select 1 start of select 1 1188;1662
start of select 71 start of select 8 start of select 2 start of select 1 start of select 1 start of select 1 start of select 1 start of select 1 start of select 1 start of select 1 start of select 22 start of select 4 start of select 1 start of select 1 start of select 3 start of select 1 start of select 2 start of select 1 start of select 1 start of select 1 start of select 22 start of select 2 start of select 1 start of select 1 start of select 1 start of select 11 start of select 1 start of select 1 start of select 4 start of select 1 start of select 1 start of select 1 start of select 1 1152;1715
start of select 71 start of select 8 start of select 2 start of select 1 start of select 16 start of select 4 start of select 1 start of select 3 start of select 1 start of select 2 start of select 1 start of select 1 start of select 1 start of select 16 start of select 2 start of select 1 start of select 1 start of select 1 start of select 5 start of select 1 start of select 1 986;1399
start of select 71 start of select 8 start of select 2 start of select 1 start of select 1 start of select 1 start of select 1 start of select 1 start of select 1 start of select 1 start of select 16 start of select 4 start of select 1 start of select 3 start of select 1 start of select 2 start of select 1 start of select 1 start of select 1 start of select 16 start of select 2 start of select 1 start of select 1 start of select 1 start of select 5 start of select 1 start of select 1 start of select 5 start of select 1 start of select 2 start of select 1 start of select 1 895;1378
start of select 71 start of select 8 start of select 2 start of select 1 start of select 2 start of select 1 start of select 1 start of select 2 start of select 1 start of select 23 start of select 4 start of select 1 start of select 1 start of select 3 start of select 1 start of select 2 start of select 1 start of select 1 start of select 1 start of select 23 start of select 2 start of select 1 start of select 1 start of select 1 start of select 10 start of select 1 start of select 1 start of select 5 start of select 1 start of select 3 start of select 1 1158;1722
start of select 71 start of select 8 start of select 2 start of select 1 start of select 23 start of select 4 start of select 1 start of select 1 start of select 3 start of select 1 start of select 2 start of select 1 start of select 1 start of select 1 start of select 23 start of select 2 start of select 1 start of select 1 start of select 1 start of select 11 start of select 1 start of select 1 start of select 5 start of select 1 start of select 2 start of select 1 1105;1571
start of select 71 start of select 8 start of select 2 start of select 1 start of select 23 start of select 4 start of select 1 start of select 1 start of select 3 start of select 1 start of select 2 start of select 1 start of select 1 start of select 1 start of select 23 start of select 2 start of select 1 start of select 1 start of select 1 start of select 10 start of select 1 start of select 1 start of select 4 start of select 1 start of select 2 start of select 1 1182;1750
start of select 71 start of select 8 start of select 2 start of select 1 start of select 8 start of select 1 start of select 1 start of select 3 start of select 1 start of select 1 start of select 1 start of select 1 start of select 24 start of select 4 start of select 1 start of select 1 start of select 3 start of select 1 start of select 2 start of select 1 start of select 1 start of select 1 start of select 24 start of select 2 start of select 1 start of select 1 start of select 1 start of select 11 start of select 1 start of select 1 start of select 6 start of select 1 start of select 2 start of select 1 start of select 1 start of select 1 1191;1771
start of select 71 start of select 8 start of select 2 start of select 1 start of select 1 start of select 1 start of select 1 start of select 1 start of select 1 start of select 1 start of select 26 start of select 4 start of select 1 start of select 1 start of select 2 start of select 1 start of select 1 start of select 1 start of select 26 start of select 2 start of select 1 start of select 1 start of select 1 start of select 12 start of select 1 start of select 1 start of select 5 start of select 1 start of select 1 start of select 1 1197;1689
start of select 71 start of select 8 start of select 2 start of select 1 start of select 8 start of select 1 start of select 1 start of select 4 start of select 1 start of select 2 start of select 1 start of select 1 start of select 22 start of select 4 start of select 1 start of select 1 start of select 3 start of select 1 start of select 2 start of select 1 start of select 1 start of select 1 start of select 22 start of select 2 start of select 1 start of select 1 start of select 1 start of select 9 start of select 1 start of select 1 start of select 3 start of select 1 1206;1743
start of select 71 start of select 8 start of select 2 start of select 1 start of select 20 start of select 4 start of select 1 start of select 3 start of select 1 start of select 2 start of select 1 start of select 1 start of select 1 start of select 20 start of select 2 start of select 1 start of select 1 start of select 1 start of select 8 start of select 1 start of select 1 start of select 2 start of select 1 start of select 2 start of select 1 start of select 1 1158;1581
start of select 71 start of select 8 start of select 2 start of select 1 start of select 1 start of select 1 start of select 1 start of select 1 start of select 1 start of select 1 start of select 19 start of select 4 start of select 1 start of select 3 start of select 1 start of select 2 start of select 1 start of select 1 start of select 1 start of select 19 start of select 2 start of select 1 start of select 1 start of select 1 start of select 7 start of select 1 start of select 1 start of select 1 start of select 1 start of select 1 start of select 1 1072;1474
start of select 71 start of select 8 start of select 2 start of select 1 start of select 8 start of select 1 start of select 1 start of select 5 start of select 1 start of select 2 start of select 1 start of select 1 start of select 18 start of select 4 start of select 1 start of select 3 start of select 1 start of select 2 start of select 1 start of select 1 start of select 1 start of select 18 start of select 2 start of select 1 start of select 1 start of select 1 start of select 6 start of select 1 start of select 1 998;1444
start of select 71 start of select 8 start of select 2 start of select 1 start of select 22 start of select 4 start of select 1 start of select 1 start of select 3 start of select 1 start of select 2 start of select 1 start of select 1 start of select 1 start of select 22 start of select 2 start of select 1 start of select 1 start of select 1 start of select 10 start of select 1 start of select 1 start of select 4 start of select 1 start of select 1 start of select 1 start of select 1 1092;1651
start of select 71 start of select 8 start of select 2 start of select 1 start of select 1 start of select 1 start of select 1 start of select 1 start of select 1 start of select 1 start of select 18 start of select 4 start of select 1 start of select 3 start of select 1 start of select 2 start of select 1 start of select 1 start of select 1 start of select 18 start of select 2 start of select 1 start of select 1 start of select 1 start of select 7 start of select 1 start of select 1 start of select 2 start of select 1 start of select 2 start of select 1 1077;1504
start of select 71 start of select 8 start of select 2 start of select 1 start of select 24 start of select 4 start of select 1 start of select 1 start of select 3 start of select 1 start of select 2 start of select 1 start of select 1 start of select 1 start of select 24 start of select 2 start of select 1 start of select 1 start of select 1 start of select 12 start of select 1 start of select 1 start of select 6 start of select 1 start of select 1 start of select 3 start of select 1 1270;1800
start of select 71 start of select 8 start of select 2 start of select 1 start of select 19 start of select 4 start of select 1 start of select 3 start of select 1 start of select 2 start of select 1 start of select 1 start of select 1 start of select 19 start of select 2 start of select 1 start of select 1 start of select 1 start of select 7 start of select 1 start of select 1 start of select 1 start of select 1 start of select 1 start of select 1 977;1432
start of select 71 start of select 8 start of select 2 start of select 1 start of select 21 start of select 4 start of select 1 start of select 1 start of select 3 start of select 1 start of select 2 start of select 1 start of select 1 start of select 1 start of select 21 start of select 2 start of select 1 start of select 1 start of select 1 start of select 9 start of select 1 start of select 1 start of select 4 start of select 1 1190;1656
start of select 71 start of select 8 start of select 2 start of select 1 start of select 22 start of select 4 start of select 1 start of select 1 start of select 3 start of select 1 start of select 2 start of select 1 start of select 1 start of select 1 start of select 22 start of select 2 start of select 1 start of select 1 start of select 1 start of select 10 start of select 1 start of select 1 start of select 4 start of select 1 start of select 1 start of select 1 1082;1634
start of select 71 start of select 8 start of select 2 start of select 1 start of select 1 start of select 1 start of select 1 start of select 1 start of select 1 start of select 1 start of select 1 start of select 1 start of select 25 start of select 4 start of select 1 start of select 1 start of select 2 start of select 1 start of select 1 start of select 1 start of select 25 start of select 2 start of select 1 start of select 1 start of select 1 start of select 11 start of select 1 start of select 1 start of select 4 start of select 1 start of select 1 start of select 1 start of select 1 1127;1560
start of select 71 start of select 8 start of select 2 start of select 1 start of select 1 start of select 1 start of select 1 start of select 1 start of select 1 start of select 1 start of select 17 start of select 4 start of select 1 start of select 3 start of select 1 start of select 2 start of select 1 start of select 1 start of select 1 start of select 17 start of select 2 start of select 1 start of select 1 start of select 1 start of select 6 start of select 1 start of select 1 start of select 1 start of select 1 start of select 1 1077;1549
start of select 71 start of select 8 start of select 2 start of select 1 start of select 1 start of select 1 start of select 1 start of select 1 start of select 1 start of select 1 start of select 25 start of select 4 start of select 1 start of select 1 start of select 3 start of select 1 start of select 2 start of select 1 start of select 1 start of select 1 start of select 25 start of select 2 start of select 1 start of select 1 start of select 1 start of select 12 start of select 1 start of select 1 start of select 7 start of select 1 start of select 3 start of select 1 start of select 1 1162;1669
start of select 71 start of select 8 start of select 2 start of select 1 start of select 22 start of select 4 start of select 1 start of select 1 start of select 3 start of select 1 start of select 2 start of select 1 start of select 1 start of select 1 start of select 22 start of select 2 start of select 1 start of select 1 start of select 1 start of select 9 start of select 1 start of select 1 start of select 3 start of select 1 1177;1715
start of select 71 start of select 8 start of select 2 start of select 1 start of select 18 start of select 4 start of select 1 start of select 3 start of select 1 start of select 2 start of select 1 start of select 1 start of select 1 start of select 18 start of select 2 start of select 1 start of select 1 start of select 1 start of select 6 start of select 1 start of select 1 1128;1539
start of select 71 start of select 8 start of select 2 start of select 1 start of select 19 start of select 4 start of select 1 start of select 3 start of select 1 start of select 2 start of select 1 start of select 1 start of select 1 start of select 19 start of select 2 start of select 1 start of select 1 start of select 1 start of select 8 start of select 1 start of select 1 start of select 2 start of select 1 start of select 2 start of select 1 start of select 1 1126;1520
start of select 71 start of select 8 start of select 2 start of select 1 start of select 8 start of select 1 start of select 1 start of select 4 start of select 1 start of select 2 start of select 1 start of select 1 start of select 22 start of select 4 start of select 1 start of select 1 start of select 3 start of select 1 start of select 2 start of select 1 start of select 1 start of select 1 start of select 22 start of select 2 start of select 1 start of select 1 start of select 1 start of select 9 start of select 1 start of select 1 start of select 4 start of select 1 1121;1624
start of select 71 start of select 8 start of select 2 start of select 1 start of select 21 start of select 4 start of select 1 start of select 1 start of select 3 start of select 1 start of select 2 start of select 1 start of select 1 start of select 1 start of select 21 start of select 2 start of select 1 start of select 1 start of select 1 start of select 10 start of select 1 start of select 1 start of select 3 start of select 1 start of select 1 start of select 1 start of select 1 1070;1561
start of select 71 start of select 8 start of select 2 start of select 1 start of select 21 start of select 4 start of select 1 start of select 1 start of select 3 start of select 1 start of select 2 start of select 1 start of select 1 start of select 1 start of select 21 start of select 2 start of select 1 start of select 1 start of select 1 start of select 11 start of select 1 start of select 1 start of select 4 start of select 1 start of select 1 start of select 1 start of select 1 1124;1584
start of select 71 start of select 8 start of select 2 start of select 1 start of select 8 start of select 1 start of select 1 start of select 5 start of select 1 start of select 2 start of select 1 start of select 24 start of select 4 start of select 1 start of select 1 start of select 3 start of select 1 start of select 2 start of select 1 start of select 1 start of select 1 start of select 24 start of select 2 start of select 1 start of select 1 start of select 1 start of select 12 start of select 1 start of select 1 start of select 5 start of select 1 start of select 2 start of select 1 1205;1764
start of select 71 start of select 8 start of select 2 start of select 1 start of select 2 start of select 1 start of select 1 start of select 2 start of select 1 start of select 25 start of select 4 start of select 1 start of select 1 start of select 2 start of select 1 start of select 1 start of select 1 start of select 25 start of select 2 start of select 1 start of select 1 start of select 1 start of select 13 start of select 2 start of select 1 start of select 1 start of select 1 start of select 5 start of select 1 start of select 1 start of select 1 start of select 1 1055;1538
start of select 71 start of select 8 start of select 2 start of select 1 start of select 1 start of select 1 start of select 1 start of select 1 start of select 1 start of select 1 start of select 26 start of select 4 start of select 1 start of select 1 start of select 3 start of select 1 start of select 2 start of select 1 start of select 1 start of select 1 start of select 1 start of select 3 start of select 1 start of select 2 start of select 1 start of select 1 start of select 1 start of select 1 start of select 1 start of select 1 start of select 1 start of select 1 start of select 1 start of select 1 1191;1665
start of select 71 start of select 8 start of select 2 start of select 1 start of select 2 start of select 1 start of select 1 start of select 2 start of select 1 start of select 21 start of select 4 start of select 1 start of select 1 start of select 3 start of select 1 start of select 2 start of select 1 start of select 1 start of select 1 start of select 21 start of select 2 start of select 1 start of select 1 start of select 1 start of select 10 start of select 1 start of select 1 start of select 3 start of select 1 start of select 1 start of select 1 start of select 1 1269;1799
start of select 71 start of select 8 start of select 2 start of select 1 start of select 1 start of select 1 start of select 1 start of select 1 start of select 1 start of select 1 start of select 18 start of select 4 start of select 1 start of select 3 start of select 1 start of select 2 start of select 1 start of select 1 start of select 1 start of select 18 start of select 2 start of select 1 start of select 1 start of select 1 start of select 7 start of select 1 start of select 1 start of select 1 start of select 1 start of select 1 start of select 1 1054;1530
start of select 71 start of select 8 start of select 2 start of select 1 start of select 1 start of select 1 start of select 1 start of select 1 start of select 1 start of select 1 start of select 27 start of select 4 start of select 1 start of select 1 start of select 2 start of select 1 start of select 1 start of select 1 start of select 27 start of select 3 start of select 1 start of select 2 start of select 1 start of select 1 start of select 1 start of select 12 start of select 1 start of select 1 start of select 5 start of select 1 start of select 2 start of select 1 1180;1649
start of select 71 start of select 8 start of select 2 start of select 1 start of select 18 start of select 4 start of select 1 start of select 3 start of select 1 start of select 2 start of select 1 start of select 1 start of select 1 start of select 18 start of select 2 start of select 1 start of select 1 start of select 1 start of select 6 start of select 1 start of select 1 995;1384
start of select 71 start of select 8 start of select 2 start of select 1 start of select 2 start of select 1 start of select 1 start of select 2 start of select 1 start of select 19 start of select 4 start of select 1 start of select 3 start of select 1 start of select 2 start of select 1 start of select 1 start of select 1 start of select 19 start of select 2 start of select 1 start of select 1 start of select 1 start of select 7 start of select 1 start of select 1 start of select 1 start of select 1 start of select 1 start of select 1 1089;1569
start of select 71 start of select 8 start of select 2 start of select 1 start of select 2 start of select 1 start of select 1 start of select 2 start of select 1 start of select 17 start of select 4 start of select 1 start of select 3 start of select 1 start of select 2 start of select 1 start of select 1 start of select 1 start of select 17 start of select 2 start of select 1 start of select 1 start of select 1 start of select 7 start of select 1 start of select 1 start of select 1 start of select 1 start of select 1 1038;1464
start of select 71 start of select 8 start of select 2 start of select 1 start of select 17 start of select 4 start of select 1 start of select 3 start of select 1 start of select 2 start of select 1 start of select 1 start of select 1 start of select 17 start of select 2 start of select 1 start of select 1 start of select 1 start of select 6 start of select 1 start of select 1 939;1383
start of select 71 start of select 8 start of select 2 start of select 1 start of select 3 start of select 1 start of select 1 start of select 3 start of select 1 start of select 1 start of select 1 start of select 22 start of select 4 start of select 1 start of select 1 start of select 3 start of select 1 start of select 2 start of select 1 start of select 1 start of select 1 start of select 22 start of select 2 start of select 1 start of select 1 start of select 1 start of select 10 start of select 1 start of select 1 start of select 4 start of select 1 start of select 3 start of select 1 1158;1739
start of select 71 start of select 8 start of select 2 start of select 1 start of select 1 start of select 1 start of select 1 start of select 1 start of select 1 start of select 1 start of select 28 start of select 5 start of select 1 start of select 1 start of select 3 start of select 1 start of select 2 start of select 1 start of select 1 start of select 1 start of select 28 start of select 3 start of select 1 start of select 2 start of select 1 start of select 1 start of select 1 start of select 13 start of select 2 start of select 1 start of select 1 start of select 1 start of select 5 start of select 1 start of select 2 start of select 1 1278;1902
